"ID","age","value"
"1.1.1","Understandabilty","60"
"1.1.1","Structuredness","100"
"1.1.1","Complexity","81"
"1.1.1","Maintainability","85.25"
"1.1.1","Testability","100"
"1.1.2","Understandabilty","60"
"1.1.2","Structuredness","100"
"1.1.2","Complexity","81"
"1.1.2","Maintainability","85.25"
"1.1.2","Testability","100"
"1.2.1","Understandabilty","100"
"1.2.1","Structuredness","100"
"1.2.1","Complexity","100"
"1.2.1","Maintainability","100.0"
"1.2.1","Testability","100"
"1.3.1","Understandabilty","100"
"1.3.1","Structuredness","100"
"1.3.1","Complexity","100"
"1.3.1","Maintainability","100.0"
"1.3.1","Testability","100"
"1.4.1","Understandabilty","100"
"1.4.1","Structuredness","100"
"1.4.1","Complexity","100"
"1.4.1","Maintainability","100.0"
"1.4.1","Testability","100"
"1.4.2","Understandabilty","100"
"1.4.2","Structuredness","100"
"1.4.2","Complexity","100"
"1.4.2","Maintainability","100.0"
"1.4.2","Testability","100"
"1.5.1","Understandabilty","100"
"1.5.1","Structuredness","100"
"1.5.1","Complexity","100"
"1.5.1","Maintainability","100.0"
"1.5.1","Testability","100"
"1.6.1","Understandabilty","100"
"1.6.1","Structuredness","100"
"1.6.1","Complexity","100"
"1.6.1","Maintainability","100.0"
"1.6.1","Testability","100"
"1.7.1","Understandabilty","60"
"1.7.1","Structuredness","100"
"1.7.1","Complexity","81"
"1.7.1","Maintainability","85.25"
"1.7.1","Testability","100"
"1.8.1","Understandabilty","100"
"1.8.1","Structuredness","80"
"1.8.1","Complexity","100"
"1.8.1","Maintainability","95.0"
"1.8.1","Testability","100"
"1.9.1","Understandabilty","100"
"1.9.1","Structuredness","100"
"1.9.1","Complexity","100"
"1.9.1","Maintainability","100.0"
"1.9.1","Testability","100"
"1.10.1","Understandabilty","100"
"1.10.1","Structuredness","100"
"1.10.1","Complexity","100"
"1.10.1","Maintainability","100.0"
"1.10.1","Testability","100"
"1.11.1","Understandabilty","100"
"1.11.1","Structuredness","100"
"1.11.1","Complexity","100"
"1.11.1","Maintainability","100.0"
"1.11.1","Testability","100"
"1.12.1","Understandabilty","100"
"1.12.1","Structuredness","100"
"1.12.1","Complexity","100"
"1.12.1","Maintainability","100.0"
"1.12.1","Testability","100"
"1.13.1","Understandabilty","60"
"1.13.1","Structuredness","100"
"1.13.1","Complexity","81"
"1.13.1","Maintainability","85.25"
"1.13.1","Testability","100"
"1.14.1","Understandabilty","100"
"1.14.1","Structuredness","100"
"1.14.1","Complexity","100"
"1.14.1","Maintainability","100.0"
"1.14.1","Testability","100"
"1.14.2","Understandabilty","100"
"1.14.2","Structuredness","100"
"1.14.2","Complexity","100"
"1.14.2","Maintainability","100.0"
"1.14.2","Testability","100"
"1.15.1","Understandabilty","100"
"1.15.1","Structuredness","100"
"1.15.1","Complexity","100"
"1.15.1","Maintainability","100.0"
"1.15.1","Testability","100"
"1.16.1","Understandabilty","100"
"1.16.1","Structuredness","100"
"1.16.1","Complexity","100"
"1.16.1","Maintainability","100.0"
"1.16.1","Testability","100"
"1.17.1","Understandabilty","100"
"1.17.1","Structuredness","100"
"1.17.1","Complexity","100"
"1.17.1","Maintainability","100.0"
"1.17.1","Testability","100"
"1.18.1","Understandabilty","60"
"1.18.1","Structuredness","100"
"1.18.1","Complexity","81"
"1.18.1","Maintainability","85.25"
"1.18.1","Testability","100"
"1.19.1","Understandabilty","100"
"1.19.1","Structuredness","100"
"1.19.1","Complexity","100"
"1.19.1","Maintainability","100.0"
"1.19.1","Testability","100"
"1.20.1","Understandabilty","100"
"1.20.1","Structuredness","60"
"1.20.1","Complexity","91"
"1.20.1","Maintainability","81.5"
"1.20.1","Testability","75"
"1.20.2","Understandabilty","100"
"1.20.2","Structuredness","60"
"1.20.2","Complexity","91"
"1.20.2","Maintainability","81.5"
"1.20.2","Testability","75"
"1.21.1","Understandabilty","100"
"1.21.1","Structuredness","100"
"1.21.1","Complexity","100"
"1.21.1","Maintainability","100.0"
"1.21.1","Testability","100"
"1.22.1","Understandabilty","100"
"1.22.1","Structuredness","100"
"1.22.1","Complexity","100"
"1.22.1","Maintainability","100.0"
"1.22.1","Testability","100"
"1.23.1","Understandabilty","100"
"1.23.1","Structuredness","100"
"1.23.1","Complexity","100"
"1.23.1","Maintainability","100.0"
"1.23.1","Testability","100"
"1.23.2","Understandabilty","100"
"1.23.2","Structuredness","100"
"1.23.2","Complexity","100"
"1.23.2","Maintainability","100.0"
"1.23.2","Testability","100"
"1.24.1","Understandabilty","100"
"1.24.1","Structuredness","100"
"1.24.1","Complexity","100"
"1.24.1","Maintainability","100.0"
"1.24.1","Testability","100"
"1.25.1","Understandabilty","75"
"1.25.1","Structuredness","100"
"1.25.1","Complexity","90"
"1.25.1","Maintainability","91.25"
"1.25.1","Testability","100"
"1.25.2","Understandabilty","75"
"1.25.2","Structuredness","100"
"1.25.2","Complexity","90"
"1.25.2","Maintainability","91.25"
"1.25.2","Testability","100"
"1.26.1","Understandabilty","100"
"1.26.1","Structuredness","100"
"1.26.1","Complexity","100"
"1.26.1","Maintainability","100.0"
"1.26.1","Testability","100"
"1.27.1","Understandabilty","100"
"1.27.1","Structuredness","100"
"1.27.1","Complexity","100"
"1.27.1","Maintainability","100.0"
"1.27.1","Testability","100"
"1.27.2","Understandabilty","100"
"1.27.2","Structuredness","100"
"1.27.2","Complexity","100"
"1.27.2","Maintainability","100.0"
"1.27.2","Testability","100"
"1.27.3","Understandabilty","100"
"1.27.3","Structuredness","100"
"1.27.3","Complexity","100"
"1.27.3","Maintainability","100.0"
"1.27.3","Testability","100"
"1.27.4","Understandabilty","100"
"1.27.4","Structuredness","100"
"1.27.4","Complexity","100"
"1.27.4","Maintainability","100.0"
"1.27.4","Testability","100"
"1.28.1","Understandabilty","100"
"1.28.1","Structuredness","100"
"1.28.1","Complexity","100"
"1.28.1","Maintainability","100.0"
"1.28.1","Testability","100"
"1.29.1","Understandabilty","60"
"1.29.1","Structuredness","100"
"1.29.1","Complexity","81"
"1.29.1","Maintainability","85.25"
"1.29.1","Testability","100"
"1.30.1","Understandabilty","100"
"1.30.1","Structuredness","100"
"1.30.1","Complexity","100"
"1.30.1","Maintainability","100.0"
"1.30.1","Testability","100"
"1.31.1","Understandabilty","100"
"1.31.1","Structuredness","100"
"1.31.1","Complexity","100"
"1.31.1","Maintainability","100.0"
"1.31.1","Testability","100"
"1.32.1","Understandabilty","60"
"1.32.1","Structuredness","100"
"1.32.1","Complexity","81"
"1.32.1","Maintainability","85.25"
"1.32.1","Testability","100"
"1.32.2","Understandabilty","100"
"1.32.2","Structuredness","100"
"1.32.2","Complexity","100"
"1.32.2","Maintainability","100.0"
"1.32.2","Testability","100"
"1.32.3","Understandabilty","100"
"1.32.3","Structuredness","100"
"1.32.3","Complexity","100"
"1.32.3","Maintainability","100.0"
"1.32.3","Testability","100"
"1.32.4","Understandabilty","100"
"1.32.4","Structuredness","100"
"1.32.4","Complexity","100"
"1.32.4","Maintainability","100.0"
"1.32.4","Testability","100"
"1.32.5","Understandabilty","60"
"1.32.5","Structuredness","100"
"1.32.5","Complexity","81"
"1.32.5","Maintainability","85.25"
"1.32.5","Testability","100"
"1.32.6","Understandabilty","100"
"1.32.6","Structuredness","100"
"1.32.6","Complexity","100"
"1.32.6","Maintainability","100.0"
"1.32.6","Testability","100"
"1.32.7","Understandabilty","100"
"1.32.7","Structuredness","100"
"1.32.7","Complexity","100"
"1.32.7","Maintainability","100.0"
"1.32.7","Testability","100"
"1.32.8","Understandabilty","100"
"1.32.8","Structuredness","80"
"1.32.8","Complexity","91"
"1.32.8","Maintainability","86.5"
"1.32.8","Testability","75"
"1.32.9","Understandabilty","100"
"1.32.9","Structuredness","100"
"1.32.9","Complexity","100"
"1.32.9","Maintainability","100.0"
"1.32.9","Testability","100"
"1.32.10","Understandabilty","100"
"1.32.10","Structuredness","80"
"1.32.10","Complexity","91"
"1.32.10","Maintainability","86.5"
"1.32.10","Testability","75"
"1.32.11","Understandabilty","100"
"1.32.11","Structuredness","80"
"1.32.11","Complexity","100"
"1.32.11","Maintainability","95.0"
"1.32.11","Testability","100"
"1.32.12","Understandabilty","100"
"1.32.12","Structuredness","100"
"1.32.12","Complexity","100"
"1.32.12","Maintainability","100.0"
"1.32.12","Testability","100"
"1.32.13","Understandabilty","100"
"1.32.13","Structuredness","100"
"1.32.13","Complexity","100"
"1.32.13","Maintainability","100.0"
"1.32.13","Testability","100"
"1.32.14","Understandabilty","100"
"1.32.14","Structuredness","100"
"1.32.14","Complexity","100"
"1.32.14","Maintainability","100.0"
"1.32.14","Testability","100"
"1.32.15","Understandabilty","100"
"1.32.15","Structuredness","60"
"1.32.15","Complexity","91"
"1.32.15","Maintainability","81.5"
"1.32.15","Testability","75"
"1.32.16","Understandabilty","85"
"1.32.16","Structuredness","100"
"1.32.16","Complexity","91"
"1.32.16","Maintainability","94.0"
"1.32.16","Testability","100"
"1.32.17","Understandabilty","100"
"1.32.17","Structuredness","80"
"1.32.17","Complexity","100"
"1.32.17","Maintainability","95.0"
"1.32.17","Testability","100"
"1.32.18","Understandabilty","100"
"1.32.18","Structuredness","80"
"1.32.18","Complexity","100"
"1.32.18","Maintainability","95.0"
"1.32.18","Testability","100"
"1.32.19","Understandabilty","100"
"1.32.19","Structuredness","60"
"1.32.19","Complexity","91"
"1.32.19","Maintainability","81.5"
"1.32.19","Testability","75"
"1.32.20","Understandabilty","100"
"1.32.20","Structuredness","80"
"1.32.20","Complexity","100"
"1.32.20","Maintainability","95.0"
"1.32.20","Testability","100"
"1.32.21","Understandabilty","100"
"1.32.21","Structuredness","100"
"1.32.21","Complexity","100"
"1.32.21","Maintainability","100.0"
"1.32.21","Testability","100"
"1.32.22","Understandabilty","100"
"1.32.22","Structuredness","80"
"1.32.22","Complexity","100"
"1.32.22","Maintainability","95.0"
"1.32.22","Testability","100"
"1.32.23","Understandabilty","100"
"1.32.23","Structuredness","80"
"1.32.23","Complexity","100"
"1.32.23","Maintainability","95.0"
"1.32.23","Testability","100"
"1.32.24","Understandabilty","100"
"1.32.24","Structuredness","80"
"1.32.24","Complexity","100"
"1.32.24","Maintainability","95.0"
"1.32.24","Testability","100"
"1.32.25","Understandabilty","100"
"1.32.25","Structuredness","80"
"1.32.25","Complexity","100"
"1.32.25","Maintainability","95.0"
"1.32.25","Testability","100"
"1.32.26","Understandabilty","100"
"1.32.26","Structuredness","80"
"1.32.26","Complexity","100"
"1.32.26","Maintainability","95.0"
"1.32.26","Testability","100"
"1.32.27","Understandabilty","100"
"1.32.27","Structuredness","80"
"1.32.27","Complexity","100"
"1.32.27","Maintainability","95.0"
"1.32.27","Testability","100"
"1.32.28","Understandabilty","100"
"1.32.28","Structuredness","80"
"1.32.28","Complexity","91"
"1.32.28","Maintainability","86.5"
"1.32.28","Testability","75"
"1.32.29","Understandabilty","100"
"1.32.29","Structuredness","80"
"1.32.29","Complexity","91"
"1.32.29","Maintainability","86.5"
"1.32.29","Testability","75"
"1.32.30","Understandabilty","100"
"1.32.30","Structuredness","80"
"1.32.30","Complexity","100"
"1.32.30","Maintainability","95.0"
"1.32.30","Testability","100"
"1.32.31","Understandabilty","100"
"1.32.31","Structuredness","100"
"1.32.31","Complexity","100"
"1.32.31","Maintainability","100.0"
"1.32.31","Testability","100"
"1.32.32","Understandabilty","100"
"1.32.32","Structuredness","80"
"1.32.32","Complexity","100"
"1.32.32","Maintainability","95.0"
"1.32.32","Testability","100"
"1.33.1","Understandabilty","100"
"1.33.1","Structuredness","100"
"1.33.1","Complexity","100"
"1.33.1","Maintainability","100.0"
"1.33.1","Testability","100"
"1.33.2","Understandabilty","100"
"1.33.2","Structuredness","100"
"1.33.2","Complexity","100"
"1.33.2","Maintainability","100.0"
"1.33.2","Testability","100"
"1.34.1","Understandabilty","100"
"1.34.1","Structuredness","100"
"1.34.1","Complexity","100"
"1.34.1","Maintainability","100.0"
"1.34.1","Testability","100"
"1.35.1","Understandabilty","100"
"1.35.1","Structuredness","100"
"1.35.1","Complexity","100"
"1.35.1","Maintainability","100.0"
"1.35.1","Testability","100"
"1.36.1","Understandabilty","100"
"1.36.1","Structuredness","100"
"1.36.1","Complexity","100"
"1.36.1","Maintainability","100.0"
"1.36.1","Testability","100"
"1.36.2","Understandabilty","100"
"1.36.2","Structuredness","100"
"1.36.2","Complexity","100"
"1.36.2","Maintainability","100.0"
"1.36.2","Testability","100"
"1.37.1","Understandabilty","100"
"1.37.1","Structuredness","100"
"1.37.1","Complexity","100"
"1.37.1","Maintainability","100.0"
"1.37.1","Testability","100"
"1.37.2","Understandabilty","100"
"1.37.2","Structuredness","100"
"1.37.2","Complexity","100"
"1.37.2","Maintainability","100.0"
"1.37.2","Testability","100"
"1.37.3","Understandabilty","100"
"1.37.3","Structuredness","100"
"1.37.3","Complexity","100"
"1.37.3","Maintainability","100.0"
"1.37.3","Testability","100"
"1.38.1","Understandabilty","100"
"1.38.1","Structuredness","100"
"1.38.1","Complexity","100"
"1.38.1","Maintainability","100.0"
"1.38.1","Testability","100"
"1.39.1","Understandabilty","100"
"1.39.1","Structuredness","80"
"1.39.1","Complexity","91"
"1.39.1","Maintainability","86.5"
"1.39.1","Testability","75"
"1.39.2","Understandabilty","100"
"1.39.2","Structuredness","100"
"1.39.2","Complexity","100"
"1.39.2","Maintainability","100.0"
"1.39.2","Testability","100"
"1.39.3","Understandabilty","100"
"1.39.3","Structuredness","100"
"1.39.3","Complexity","100"
"1.39.3","Maintainability","100.0"
"1.39.3","Testability","100"
"1.39.4","Understandabilty","100"
"1.39.4","Structuredness","80"
"1.39.4","Complexity","100"
"1.39.4","Maintainability","95.0"
"1.39.4","Testability","100"
"1.39.5","Understandabilty","100"
"1.39.5","Structuredness","100"
"1.39.5","Complexity","100"
"1.39.5","Maintainability","100.0"
"1.39.5","Testability","100"
"1.40.1","Understandabilty","100"
"1.40.1","Structuredness","100"
"1.40.1","Complexity","100"
"1.40.1","Maintainability","100.0"
"1.40.1","Testability","100"
"1.41.1","Understandabilty","100"
"1.41.1","Structuredness","100"
"1.41.1","Complexity","100"
"1.41.1","Maintainability","100.0"
"1.41.1","Testability","100"
"1.42.1","Understandabilty","100"
"1.42.1","Structuredness","100"
"1.42.1","Complexity","100"
"1.42.1","Maintainability","100.0"
"1.42.1","Testability","100"
"1.43.1","Understandabilty","60"
"1.43.1","Structuredness","100"
"1.43.1","Complexity","81"
"1.43.1","Maintainability","85.25"
"1.43.1","Testability","100"
"1.43.2","Understandabilty","60"
"1.43.2","Structuredness","100"
"1.43.2","Complexity","81"
"1.43.2","Maintainability","85.25"
"1.43.2","Testability","100"
"1.44.1","Understandabilty","100"
"1.44.1","Structuredness","100"
"1.44.1","Complexity","100"
"1.44.1","Maintainability","100.0"
"1.44.1","Testability","100"
"1.45.1","Understandabilty","100"
"1.45.1","Structuredness","100"
"1.45.1","Complexity","100"
"1.45.1","Maintainability","100.0"
"1.45.1","Testability","100"
"1.46.1","Understandabilty","100"
"1.46.1","Structuredness","100"
"1.46.1","Complexity","100"
"1.46.1","Maintainability","100.0"
"1.46.1","Testability","100"
"1.47.1","Understandabilty","60"
"1.47.1","Structuredness","100"
"1.47.1","Complexity","81"
"1.47.1","Maintainability","85.25"
"1.47.1","Testability","100"
"1.47.2","Understandabilty","60"
"1.47.2","Structuredness","100"
"1.47.2","Complexity","81"
"1.47.2","Maintainability","85.25"
"1.47.2","Testability","100"
"1.47.3","Understandabilty","60"
"1.47.3","Structuredness","100"
"1.47.3","Complexity","81"
"1.47.3","Maintainability","85.25"
"1.47.3","Testability","100"
"1.47.4","Understandabilty","60"
"1.47.4","Structuredness","100"
"1.47.4","Complexity","81"
"1.47.4","Maintainability","85.25"
"1.47.4","Testability","100"
"1.47.5","Understandabilty","100"
"1.47.5","Structuredness","100"
"1.47.5","Complexity","100"
"1.47.5","Maintainability","100.0"
"1.47.5","Testability","100"
"1.48.1","Understandabilty","100"
"1.48.1","Structuredness","100"
"1.48.1","Complexity","100"
"1.48.1","Maintainability","100.0"
"1.48.1","Testability","100"
"1.49.1","Understandabilty","100"
"1.49.1","Structuredness","100"
"1.49.1","Complexity","100"
"1.49.1","Maintainability","100.0"
"1.49.1","Testability","100"
"1.49.2","Understandabilty","100"
"1.49.2","Structuredness","100"
"1.49.2","Complexity","100"
"1.49.2","Maintainability","100.0"
"1.49.2","Testability","100"
"1.49.3","Understandabilty","100"
"1.49.3","Structuredness","100"
"1.49.3","Complexity","100"
"1.49.3","Maintainability","100.0"
"1.49.3","Testability","100"
"1.49.4","Understandabilty","100"
"1.49.4","Structuredness","100"
"1.49.4","Complexity","100"
"1.49.4","Maintainability","100.0"
"1.49.4","Testability","100"
"1.49.5","Understandabilty","100"
"1.49.5","Structuredness","100"
"1.49.5","Complexity","100"
"1.49.5","Maintainability","100.0"
"1.49.5","Testability","100"
"1.49.6","Understandabilty","100"
"1.49.6","Structuredness","100"
"1.49.6","Complexity","100"
"1.49.6","Maintainability","100.0"
"1.49.6","Testability","100"
"1.50.1","Understandabilty","100"
"1.50.1","Structuredness","100"
"1.50.1","Complexity","100"
"1.50.1","Maintainability","100.0"
"1.50.1","Testability","100"
"1.50.2","Understandabilty","100"
"1.50.2","Structuredness","100"
"1.50.2","Complexity","100"
"1.50.2","Maintainability","100.0"
"1.50.2","Testability","100"
"1.51.1","Understandabilty","100"
"1.51.1","Structuredness","100"
"1.51.1","Complexity","100"
"1.51.1","Maintainability","100.0"
"1.51.1","Testability","100"
"1.51.2","Understandabilty","100"
"1.51.2","Structuredness","100"
"1.51.2","Complexity","100"
"1.51.2","Maintainability","100.0"
"1.51.2","Testability","100"
"1.52.1","Understandabilty","100"
"1.52.1","Structuredness","100"
"1.52.1","Complexity","100"
"1.52.1","Maintainability","100.0"
"1.52.1","Testability","100"
"1.53.1","Understandabilty","100"
"1.53.1","Structuredness","100"
"1.53.1","Complexity","100"
"1.53.1","Maintainability","100.0"
"1.53.1","Testability","100"
"1.53.2","Understandabilty","100"
"1.53.2","Structuredness","100"
"1.53.2","Complexity","100"
"1.53.2","Maintainability","100.0"
"1.53.2","Testability","100"
"1.54.1","Understandabilty","100"
"1.54.1","Structuredness","100"
"1.54.1","Complexity","100"
"1.54.1","Maintainability","100.0"
"1.54.1","Testability","100"
"1.55.1","Understandabilty","100"
"1.55.1","Structuredness","100"
"1.55.1","Complexity","100"
"1.55.1","Maintainability","100.0"
"1.55.1","Testability","100"
"1.56.1","Understandabilty","100"
"1.56.1","Structuredness","100"
"1.56.1","Complexity","100"
"1.56.1","Maintainability","100.0"
"1.56.1","Testability","100"
"1.56.2","Understandabilty","100"
"1.56.2","Structuredness","100"
"1.56.2","Complexity","100"
"1.56.2","Maintainability","100.0"
"1.56.2","Testability","100"
"1.56.3","Understandabilty","100"
"1.56.3","Structuredness","100"
"1.56.3","Complexity","100"
"1.56.3","Maintainability","100.0"
"1.56.3","Testability","100"
"1.56.4","Understandabilty","100"
"1.56.4","Structuredness","100"
"1.56.4","Complexity","100"
"1.56.4","Maintainability","100.0"
"1.56.4","Testability","100"
"1.57.1","Understandabilty","100"
"1.57.1","Structuredness","80"
"1.57.1","Complexity","100"
"1.57.1","Maintainability","95.0"
"1.57.1","Testability","100"
"1.57.2","Understandabilty","100"
"1.57.2","Structuredness","80"
"1.57.2","Complexity","100"
"1.57.2","Maintainability","95.0"
"1.57.2","Testability","100"
"1.58.1","Understandabilty","100"
"1.58.1","Structuredness","100"
"1.58.1","Complexity","100"
"1.58.1","Maintainability","100.0"
"1.58.1","Testability","100"
"1.59.1","Understandabilty","100"
"1.59.1","Structuredness","100"
"1.59.1","Complexity","100"
"1.59.1","Maintainability","100.0"
"1.59.1","Testability","100"
"1.59.2","Understandabilty","100"
"1.59.2","Structuredness","100"
"1.59.2","Complexity","100"
"1.59.2","Maintainability","100.0"
"1.59.2","Testability","100"
"1.60.1","Understandabilty","100"
"1.60.1","Structuredness","100"
"1.60.1","Complexity","100"
"1.60.1","Maintainability","100.0"
"1.60.1","Testability","100"
"1.60.2","Understandabilty","100"
"1.60.2","Structuredness","100"
"1.60.2","Complexity","100"
"1.60.2","Maintainability","100.0"
"1.60.2","Testability","100"
"1.60.3","Understandabilty","100"
"1.60.3","Structuredness","100"
"1.60.3","Complexity","100"
"1.60.3","Maintainability","100.0"
"1.60.3","Testability","100"
"1.60.4","Understandabilty","100"
"1.60.4","Structuredness","100"
"1.60.4","Complexity","100"
"1.60.4","Maintainability","100.0"
"1.60.4","Testability","100"
"1.60.5","Understandabilty","100"
"1.60.5","Structuredness","100"
"1.60.5","Complexity","100"
"1.60.5","Maintainability","100.0"
"1.60.5","Testability","100"
"1.60.6","Understandabilty","100"
"1.60.6","Structuredness","100"
"1.60.6","Complexity","100"
"1.60.6","Maintainability","100.0"
"1.60.6","Testability","100"
"1.60.7","Understandabilty","100"
"1.60.7","Structuredness","100"
"1.60.7","Complexity","100"
"1.60.7","Maintainability","100.0"
"1.60.7","Testability","100"
"1.60.8","Understandabilty","100"
"1.60.8","Structuredness","80"
"1.60.8","Complexity","100"
"1.60.8","Maintainability","95.0"
"1.60.8","Testability","100"
"1.60.9","Understandabilty","100"
"1.60.9","Structuredness","80"
"1.60.9","Complexity","100"
"1.60.9","Maintainability","95.0"
"1.60.9","Testability","100"
"1.60.10","Understandabilty","100"
"1.60.10","Structuredness","100"
"1.60.10","Complexity","100"
"1.60.10","Maintainability","100.0"
"1.60.10","Testability","100"
"1.60.11","Understandabilty","100"
"1.60.11","Structuredness","80"
"1.60.11","Complexity","100"
"1.60.11","Maintainability","95.0"
"1.60.11","Testability","100"
"1.60.12","Understandabilty","100"
"1.60.12","Structuredness","80"
"1.60.12","Complexity","100"
"1.60.12","Maintainability","95.0"
"1.60.12","Testability","100"
"1.60.13","Understandabilty","100"
"1.60.13","Structuredness","80"
"1.60.13","Complexity","100"
"1.60.13","Maintainability","95.0"
"1.60.13","Testability","100"
"1.60.14","Understandabilty","100"
"1.60.14","Structuredness","100"
"1.60.14","Complexity","100"
"1.60.14","Maintainability","100.0"
"1.60.14","Testability","100"
"1.60.15","Understandabilty","100"
"1.60.15","Structuredness","100"
"1.60.15","Complexity","100"
"1.60.15","Maintainability","100.0"
"1.60.15","Testability","100"
"1.60.16","Understandabilty","100"
"1.60.16","Structuredness","80"
"1.60.16","Complexity","100"
"1.60.16","Maintainability","95.0"
"1.60.16","Testability","100"
"1.60.17","Understandabilty","100"
"1.60.17","Structuredness","80"
"1.60.17","Complexity","100"
"1.60.17","Maintainability","95.0"
"1.60.17","Testability","100"
"1.60.18","Understandabilty","100"
"1.60.18","Structuredness","80"
"1.60.18","Complexity","100"
"1.60.18","Maintainability","95.0"
"1.60.18","Testability","100"
"1.60.19","Understandabilty","100"
"1.60.19","Structuredness","100"
"1.60.19","Complexity","100"
"1.60.19","Maintainability","100.0"
"1.60.19","Testability","100"
"1.60.20","Understandabilty","100"
"1.60.20","Structuredness","80"
"1.60.20","Complexity","100"
"1.60.20","Maintainability","95.0"
"1.60.20","Testability","100"
"1.60.21","Understandabilty","100"
"1.60.21","Structuredness","100"
"1.60.21","Complexity","100"
"1.60.21","Maintainability","100.0"
"1.60.21","Testability","100"
"1.60.22","Understandabilty","100"
"1.60.22","Structuredness","100"
"1.60.22","Complexity","100"
"1.60.22","Maintainability","100.0"
"1.60.22","Testability","100"
"1.60.23","Understandabilty","100"
"1.60.23","Structuredness","100"
"1.60.23","Complexity","100"
"1.60.23","Maintainability","100.0"
"1.60.23","Testability","100"
"1.60.24","Understandabilty","100"
"1.60.24","Structuredness","100"
"1.60.24","Complexity","100"
"1.60.24","Maintainability","100.0"
"1.60.24","Testability","100"
"1.60.25","Understandabilty","100"
"1.60.25","Structuredness","100"
"1.60.25","Complexity","100"
"1.60.25","Maintainability","100.0"
"1.60.25","Testability","100"
"1.60.26","Understandabilty","100"
"1.60.26","Structuredness","100"
"1.60.26","Complexity","100"
"1.60.26","Maintainability","100.0"
"1.60.26","Testability","100"
"1.60.27","Understandabilty","100"
"1.60.27","Structuredness","100"
"1.60.27","Complexity","100"
"1.60.27","Maintainability","100.0"
"1.60.27","Testability","100"
"1.60.28","Understandabilty","100"
"1.60.28","Structuredness","100"
"1.60.28","Complexity","100"
"1.60.28","Maintainability","100.0"
"1.60.28","Testability","100"
"1.60.29","Understandabilty","100"
"1.60.29","Structuredness","100"
"1.60.29","Complexity","100"
"1.60.29","Maintainability","100.0"
"1.60.29","Testability","100"
"1.60.30","Understandabilty","100"
"1.60.30","Structuredness","100"
"1.60.30","Complexity","100"
"1.60.30","Maintainability","100.0"
"1.60.30","Testability","100"
"1.60.31","Understandabilty","100"
"1.60.31","Structuredness","100"
"1.60.31","Complexity","100"
"1.60.31","Maintainability","100.0"
"1.60.31","Testability","100"
"1.60.32","Understandabilty","100"
"1.60.32","Structuredness","100"
"1.60.32","Complexity","100"
"1.60.32","Maintainability","100.0"
"1.60.32","Testability","100"
"1.60.33","Understandabilty","100"
"1.60.33","Structuredness","100"
"1.60.33","Complexity","100"
"1.60.33","Maintainability","100.0"
"1.60.33","Testability","100"
"1.60.34","Understandabilty","100"
"1.60.34","Structuredness","100"
"1.60.34","Complexity","100"
"1.60.34","Maintainability","100.0"
"1.60.34","Testability","100"
"1.60.35","Understandabilty","100"
"1.60.35","Structuredness","100"
"1.60.35","Complexity","100"
"1.60.35","Maintainability","100.0"
"1.60.35","Testability","100"
"1.60.36","Understandabilty","100"
"1.60.36","Structuredness","100"
"1.60.36","Complexity","100"
"1.60.36","Maintainability","100.0"
"1.60.36","Testability","100"
"1.60.37","Understandabilty","100"
"1.60.37","Structuredness","80"
"1.60.37","Complexity","100"
"1.60.37","Maintainability","95.0"
"1.60.37","Testability","100"
"1.60.38","Understandabilty","100"
"1.60.38","Structuredness","100"
"1.60.38","Complexity","100"
"1.60.38","Maintainability","100.0"
"1.60.38","Testability","100"
"1.60.39","Understandabilty","100"
"1.60.39","Structuredness","80"
"1.60.39","Complexity","100"
"1.60.39","Maintainability","95.0"
"1.60.39","Testability","100"
"1.60.40","Understandabilty","100"
"1.60.40","Structuredness","100"
"1.60.40","Complexity","100"
"1.60.40","Maintainability","100.0"
"1.60.40","Testability","100"
"1.60.41","Understandabilty","100"
"1.60.41","Structuredness","100"
"1.60.41","Complexity","100"
"1.60.41","Maintainability","100.0"
"1.60.41","Testability","100"
"1.60.42","Understandabilty","100"
"1.60.42","Structuredness","100"
"1.60.42","Complexity","100"
"1.60.42","Maintainability","100.0"
"1.60.42","Testability","100"
"1.60.43","Understandabilty","100"
"1.60.43","Structuredness","100"
"1.60.43","Complexity","100"
"1.60.43","Maintainability","100.0"
"1.60.43","Testability","100"
"1.60.44","Understandabilty","100"
"1.60.44","Structuredness","100"
"1.60.44","Complexity","100"
"1.60.44","Maintainability","100.0"
"1.60.44","Testability","100"
"1.60.45","Understandabilty","100"
"1.60.45","Structuredness","100"
"1.60.45","Complexity","100"
"1.60.45","Maintainability","100.0"
"1.60.45","Testability","100"
"1.60.46","Understandabilty","100"
"1.60.46","Structuredness","100"
"1.60.46","Complexity","100"
"1.60.46","Maintainability","100.0"
"1.60.46","Testability","100"
"1.60.47","Understandabilty","100"
"1.60.47","Structuredness","100"
"1.60.47","Complexity","100"
"1.60.47","Maintainability","100.0"
"1.60.47","Testability","100"
"1.60.48","Understandabilty","100"
"1.60.48","Structuredness","100"
"1.60.48","Complexity","100"
"1.60.48","Maintainability","100.0"
"1.60.48","Testability","100"
"1.60.49","Understandabilty","100"
"1.60.49","Structuredness","100"
"1.60.49","Complexity","100"
"1.60.49","Maintainability","100.0"
"1.60.49","Testability","100"
"1.60.50","Understandabilty","100"
"1.60.50","Structuredness","100"
"1.60.50","Complexity","100"
"1.60.50","Maintainability","100.0"
"1.60.50","Testability","100"
"1.60.51","Understandabilty","100"
"1.60.51","Structuredness","100"
"1.60.51","Complexity","100"
"1.60.51","Maintainability","100.0"
"1.60.51","Testability","100"
"1.60.52","Understandabilty","100"
"1.60.52","Structuredness","80"
"1.60.52","Complexity","100"
"1.60.52","Maintainability","95.0"
"1.60.52","Testability","100"
"1.60.53","Understandabilty","100"
"1.60.53","Structuredness","100"
"1.60.53","Complexity","100"
"1.60.53","Maintainability","100.0"
"1.60.53","Testability","100"
"1.60.54","Understandabilty","100"
"1.60.54","Structuredness","100"
"1.60.54","Complexity","100"
"1.60.54","Maintainability","100.0"
"1.60.54","Testability","100"
"1.60.55","Understandabilty","100"
"1.60.55","Structuredness","100"
"1.60.55","Complexity","100"
"1.60.55","Maintainability","100.0"
"1.60.55","Testability","100"
"1.60.56","Understandabilty","100"
"1.60.56","Structuredness","100"
"1.60.56","Complexity","100"
"1.60.56","Maintainability","100.0"
"1.60.56","Testability","100"
"1.60.57","Understandabilty","100"
"1.60.57","Structuredness","80"
"1.60.57","Complexity","100"
"1.60.57","Maintainability","95.0"
"1.60.57","Testability","100"
"1.60.58","Understandabilty","100"
"1.60.58","Structuredness","100"
"1.60.58","Complexity","100"
"1.60.58","Maintainability","100.0"
"1.60.58","Testability","100"
"1.60.59","Understandabilty","100"
"1.60.59","Structuredness","100"
"1.60.59","Complexity","100"
"1.60.59","Maintainability","100.0"
"1.60.59","Testability","100"
"1.60.60","Understandabilty","100"
"1.60.60","Structuredness","100"
"1.60.60","Complexity","100"
"1.60.60","Maintainability","100.0"
"1.60.60","Testability","100"
"1.60.61","Understandabilty","100"
"1.60.61","Structuredness","100"
"1.60.61","Complexity","100"
"1.60.61","Maintainability","100.0"
"1.60.61","Testability","100"
"1.60.62","Understandabilty","100"
"1.60.62","Structuredness","100"
"1.60.62","Complexity","100"
"1.60.62","Maintainability","100.0"
"1.60.62","Testability","100"
"1.60.63","Understandabilty","100"
"1.60.63","Structuredness","100"
"1.60.63","Complexity","100"
"1.60.63","Maintainability","100.0"
"1.60.63","Testability","100"
"1.60.64","Understandabilty","100"
"1.60.64","Structuredness","100"
"1.60.64","Complexity","100"
"1.60.64","Maintainability","100.0"
"1.60.64","Testability","100"
"1.60.65","Understandabilty","100"
"1.60.65","Structuredness","100"
"1.60.65","Complexity","100"
"1.60.65","Maintainability","100.0"
"1.60.65","Testability","100"
"1.60.66","Understandabilty","100"
"1.60.66","Structuredness","100"
"1.60.66","Complexity","100"
"1.60.66","Maintainability","100.0"
"1.60.66","Testability","100"
"1.60.67","Understandabilty","100"
"1.60.67","Structuredness","100"
"1.60.67","Complexity","100"
"1.60.67","Maintainability","100.0"
"1.60.67","Testability","100"
"1.60.68","Understandabilty","100"
"1.60.68","Structuredness","100"
"1.60.68","Complexity","100"
"1.60.68","Maintainability","100.0"
"1.60.68","Testability","100"
"1.60.69","Understandabilty","100"
"1.60.69","Structuredness","100"
"1.60.69","Complexity","100"
"1.60.69","Maintainability","100.0"
"1.60.69","Testability","100"
"1.60.70","Understandabilty","100"
"1.60.70","Structuredness","80"
"1.60.70","Complexity","82"
"1.60.70","Maintainability","78.0"
"1.60.70","Testability","50"
"1.60.71","Understandabilty","100"
"1.60.71","Structuredness","100"
"1.60.71","Complexity","100"
"1.60.71","Maintainability","100.0"
"1.60.71","Testability","100"
"1.60.72","Understandabilty","100"
"1.60.72","Structuredness","100"
"1.60.72","Complexity","100"
"1.60.72","Maintainability","100.0"
"1.60.72","Testability","100"
"1.60.73","Understandabilty","60"
"1.60.73","Structuredness","100"
"1.60.73","Complexity","81"
"1.60.73","Maintainability","85.25"
"1.60.73","Testability","100"
"1.60.74","Understandabilty","100"
"1.60.74","Structuredness","100"
"1.60.74","Complexity","100"
"1.60.74","Maintainability","100.0"
"1.60.74","Testability","100"
"1.60.75","Understandabilty","100"
"1.60.75","Structuredness","100"
"1.60.75","Complexity","100"
"1.60.75","Maintainability","100.0"
"1.60.75","Testability","100"
"1.60.76","Understandabilty","100"
"1.60.76","Structuredness","100"
"1.60.76","Complexity","100"
"1.60.76","Maintainability","100.0"
"1.60.76","Testability","100"
"1.60.77","Understandabilty","100"
"1.60.77","Structuredness","100"
"1.60.77","Complexity","100"
"1.60.77","Maintainability","100.0"
"1.60.77","Testability","100"
"1.60.78","Understandabilty","60"
"1.60.78","Structuredness","100"
"1.60.78","Complexity","81"
"1.60.78","Maintainability","85.25"
"1.60.78","Testability","100"
"1.60.79","Understandabilty","100"
"1.60.79","Structuredness","100"
"1.60.79","Complexity","100"
"1.60.79","Maintainability","100.0"
"1.60.79","Testability","100"
"1.60.80","Understandabilty","100"
"1.60.80","Structuredness","100"
"1.60.80","Complexity","100"
"1.60.80","Maintainability","100.0"
"1.60.80","Testability","100"
"1.60.81","Understandabilty","100"
"1.60.81","Structuredness","100"
"1.60.81","Complexity","100"
"1.60.81","Maintainability","100.0"
"1.60.81","Testability","100"
"1.60.82","Understandabilty","100"
"1.60.82","Structuredness","100"
"1.60.82","Complexity","100"
"1.60.82","Maintainability","100.0"
"1.60.82","Testability","100"
"1.60.83","Understandabilty","100"
"1.60.83","Structuredness","100"
"1.60.83","Complexity","100"
"1.60.83","Maintainability","100.0"
"1.60.83","Testability","100"
"1.60.84","Understandabilty","100"
"1.60.84","Structuredness","100"
"1.60.84","Complexity","100"
"1.60.84","Maintainability","100.0"
"1.60.84","Testability","100"
"1.61.1","Understandabilty","100"
"1.61.1","Structuredness","100"
"1.61.1","Complexity","100"
"1.61.1","Maintainability","100.0"
"1.61.1","Testability","100"
"1.62.1","Understandabilty","100"
"1.62.1","Structuredness","100"
"1.62.1","Complexity","100"
"1.62.1","Maintainability","100.0"
"1.62.1","Testability","100"
"1.63.1","Understandabilty","100"
"1.63.1","Structuredness","100"
"1.63.1","Complexity","100"
"1.63.1","Maintainability","100.0"
"1.63.1","Testability","100"
"1.64.1","Understandabilty","100"
"1.64.1","Structuredness","100"
"1.64.1","Complexity","100"
"1.64.1","Maintainability","100.0"
"1.64.1","Testability","100"
"1.64.2","Understandabilty","100"
"1.64.2","Structuredness","80"
"1.64.2","Complexity","100"
"1.64.2","Maintainability","95.0"
"1.64.2","Testability","100"
"1.64.3","Understandabilty","75"
"1.64.3","Structuredness","100"
"1.64.3","Complexity","90"
"1.64.3","Maintainability","91.25"
"1.64.3","Testability","100"
"1.64.4","Understandabilty","75"
"1.64.4","Structuredness","100"
"1.64.4","Complexity","90"
"1.64.4","Maintainability","91.25"
"1.64.4","Testability","100"
"1.64.5","Understandabilty","100"
"1.64.5","Structuredness","80"
"1.64.5","Complexity","100"
"1.64.5","Maintainability","95.0"
"1.64.5","Testability","100"
"1.65.1","Understandabilty","100"
"1.65.1","Structuredness","60"
"1.65.1","Complexity","91"
"1.65.1","Maintainability","81.5"
"1.65.1","Testability","75"
"1.65.2","Understandabilty","100"
"1.65.2","Structuredness","80"
"1.65.2","Complexity","100"
"1.65.2","Maintainability","95.0"
"1.65.2","Testability","100"
"1.66.1","Understandabilty","100"
"1.66.1","Structuredness","100"
"1.66.1","Complexity","100"
"1.66.1","Maintainability","100.0"
"1.66.1","Testability","100"
"1.67.1","Understandabilty","100"
"1.67.1","Structuredness","100"
"1.67.1","Complexity","100"
"1.67.1","Maintainability","100.0"
"1.67.1","Testability","100"
"1.68.1","Understandabilty","100"
"1.68.1","Structuredness","100"
"1.68.1","Complexity","100"
"1.68.1","Maintainability","100.0"
"1.68.1","Testability","100"
"1.69.1","Understandabilty","60"
"1.69.1","Structuredness","100"
"1.69.1","Complexity","81"
"1.69.1","Maintainability","85.25"
"1.69.1","Testability","100"
"1.70.1","Understandabilty","100"
"1.70.1","Structuredness","100"
"1.70.1","Complexity","100"
"1.70.1","Maintainability","100.0"
"1.70.1","Testability","100"
"1.71.1","Understandabilty","100"
"1.71.1","Structuredness","100"
"1.71.1","Complexity","100"
"1.71.1","Maintainability","100.0"
"1.71.1","Testability","100"
"1.71.2","Understandabilty","100"
"1.71.2","Structuredness","100"
"1.71.2","Complexity","100"
"1.71.2","Maintainability","100.0"
"1.71.2","Testability","100"
"1.72.1","Understandabilty","100"
"1.72.1","Structuredness","100"
"1.72.1","Complexity","100"
"1.72.1","Maintainability","100.0"
"1.72.1","Testability","100"
"1.72.2","Understandabilty","100"
"1.72.2","Structuredness","100"
"1.72.2","Complexity","100"
"1.72.2","Maintainability","100.0"
"1.72.2","Testability","100"
"1.73.1","Understandabilty","100"
"1.73.1","Structuredness","100"
"1.73.1","Complexity","100"
"1.73.1","Maintainability","100.0"
"1.73.1","Testability","100"
"1.73.2","Understandabilty","100"
"1.73.2","Structuredness","100"
"1.73.2","Complexity","100"
"1.73.2","Maintainability","100.0"
"1.73.2","Testability","100"
"1.74.1","Understandabilty","100"
"1.74.1","Structuredness","100"
"1.74.1","Complexity","100"
"1.74.1","Maintainability","100.0"
"1.74.1","Testability","100"
"1.75.1","Understandabilty","100"
"1.75.1","Structuredness","100"
"1.75.1","Complexity","100"
"1.75.1","Maintainability","100.0"
"1.75.1","Testability","100"
"1.75.2","Understandabilty","100"
"1.75.2","Structuredness","100"
"1.75.2","Complexity","100"
"1.75.2","Maintainability","100.0"
"1.75.2","Testability","100"
"1.76.1","Understandabilty","75"
"1.76.1","Structuredness","100"
"1.76.1","Complexity","90"
"1.76.1","Maintainability","91.25"
"1.76.1","Testability","100"
"1.76.2","Understandabilty","75"
"1.76.2","Structuredness","100"
"1.76.2","Complexity","90"
"1.76.2","Maintainability","91.25"
"1.76.2","Testability","100"
"1.76.3","Understandabilty","75"
"1.76.3","Structuredness","100"
"1.76.3","Complexity","90"
"1.76.3","Maintainability","91.25"
"1.76.3","Testability","100"
"1.77.1","Understandabilty","100"
"1.77.1","Structuredness","100"
"1.77.1","Complexity","100"
"1.77.1","Maintainability","100.0"
"1.77.1","Testability","100"
"1.78.1","Understandabilty","100"
"1.78.1","Structuredness","80"
"1.78.1","Complexity","91"
"1.78.1","Maintainability","86.5"
"1.78.1","Testability","75"
"1.79.1","Understandabilty","100"
"1.79.1","Structuredness","100"
"1.79.1","Complexity","100"
"1.79.1","Maintainability","100.0"
"1.79.1","Testability","100"
"1.79.2","Understandabilty","100"
"1.79.2","Structuredness","100"
"1.79.2","Complexity","100"
"1.79.2","Maintainability","100.0"
"1.79.2","Testability","100"
"1.79.3","Understandabilty","100"
"1.79.3","Structuredness","100"
"1.79.3","Complexity","100"
"1.79.3","Maintainability","100.0"
"1.79.3","Testability","100"
"1.79.4","Understandabilty","100"
"1.79.4","Structuredness","100"
"1.79.4","Complexity","100"
"1.79.4","Maintainability","100.0"
"1.79.4","Testability","100"
"1.80.1","Understandabilty","100"
"1.80.1","Structuredness","100"
"1.80.1","Complexity","100"
"1.80.1","Maintainability","100.0"
"1.80.1","Testability","100"
"1.80.2","Understandabilty","100"
"1.80.2","Structuredness","100"
"1.80.2","Complexity","100"
"1.80.2","Maintainability","100.0"
"1.80.2","Testability","100"
"1.80.3","Understandabilty","100"
"1.80.3","Structuredness","100"
"1.80.3","Complexity","100"
"1.80.3","Maintainability","100.0"
"1.80.3","Testability","100"
"1.81.1","Understandabilty","60"
"1.81.1","Structuredness","100"
"1.81.1","Complexity","81"
"1.81.1","Maintainability","85.25"
"1.81.1","Testability","100"
"1.82.1","Understandabilty","100"
"1.82.1","Structuredness","100"
"1.82.1","Complexity","100"
"1.82.1","Maintainability","100.0"
"1.82.1","Testability","100"
"1.82.2","Understandabilty","100"
"1.82.2","Structuredness","100"
"1.82.2","Complexity","100"
"1.82.2","Maintainability","100.0"
"1.82.2","Testability","100"
"1.82.3","Understandabilty","100"
"1.82.3","Structuredness","100"
"1.82.3","Complexity","100"
"1.82.3","Maintainability","100.0"
"1.82.3","Testability","100"
"1.83.1","Understandabilty","100"
"1.83.1","Structuredness","100"
"1.83.1","Complexity","100"
"1.83.1","Maintainability","100.0"
"1.83.1","Testability","100"
"1.84.1","Understandabilty","100"
"1.84.1","Structuredness","100"
"1.84.1","Complexity","100"
"1.84.1","Maintainability","100.0"
"1.84.1","Testability","100"
"1.85.1","Understandabilty","100"
"1.85.1","Structuredness","100"
"1.85.1","Complexity","100"
"1.85.1","Maintainability","100.0"
"1.85.1","Testability","100"
"1.85.2","Understandabilty","100"
"1.85.2","Structuredness","100"
"1.85.2","Complexity","100"
"1.85.2","Maintainability","100.0"
"1.85.2","Testability","100"
"1.86.1","Understandabilty","100"
"1.86.1","Structuredness","80"
"1.86.1","Complexity","91"
"1.86.1","Maintainability","86.5"
"1.86.1","Testability","75"
"1.87.1","Understandabilty","100"
"1.87.1","Structuredness","100"
"1.87.1","Complexity","100"
"1.87.1","Maintainability","100.0"
"1.87.1","Testability","100"
"1.88.1","Understandabilty","100"
"1.88.1","Structuredness","100"
"1.88.1","Complexity","100"
"1.88.1","Maintainability","100.0"
"1.88.1","Testability","100"
"1.88.2","Understandabilty","100"
"1.88.2","Structuredness","100"
"1.88.2","Complexity","100"
"1.88.2","Maintainability","100.0"
"1.88.2","Testability","100"
"1.88.3","Understandabilty","100"
"1.88.3","Structuredness","100"
"1.88.3","Complexity","100"
"1.88.3","Maintainability","100.0"
"1.88.3","Testability","100"
"1.88.4","Understandabilty","100"
"1.88.4","Structuredness","100"
"1.88.4","Complexity","100"
"1.88.4","Maintainability","100.0"
"1.88.4","Testability","100"
"1.88.5","Understandabilty","100"
"1.88.5","Structuredness","100"
"1.88.5","Complexity","100"
"1.88.5","Maintainability","100.0"
"1.88.5","Testability","100"
"1.88.6","Understandabilty","100"
"1.88.6","Structuredness","100"
"1.88.6","Complexity","100"
"1.88.6","Maintainability","100.0"
"1.88.6","Testability","100"
"1.89.1","Understandabilty","100"
"1.89.1","Structuredness","100"
"1.89.1","Complexity","100"
"1.89.1","Maintainability","100.0"
"1.89.1","Testability","100"
"1.90.1","Understandabilty","100"
"1.90.1","Structuredness","100"
"1.90.1","Complexity","100"
"1.90.1","Maintainability","100.0"
"1.90.1","Testability","100"
"1.91.1","Understandabilty","100"
"1.91.1","Structuredness","100"
"1.91.1","Complexity","100"
"1.91.1","Maintainability","100.0"
"1.91.1","Testability","100"
"1.91.2","Understandabilty","100"
"1.91.2","Structuredness","100"
"1.91.2","Complexity","100"
"1.91.2","Maintainability","100.0"
"1.91.2","Testability","100"
"1.92.1","Understandabilty","100"
"1.92.1","Structuredness","100"
"1.92.1","Complexity","100"
"1.92.1","Maintainability","100.0"
"1.92.1","Testability","100"
"1.93.1","Understandabilty","100"
"1.93.1","Structuredness","100"
"1.93.1","Complexity","100"
"1.93.1","Maintainability","100.0"
"1.93.1","Testability","100"
"1.93.2","Understandabilty","100"
"1.93.2","Structuredness","100"
"1.93.2","Complexity","100"
"1.93.2","Maintainability","100.0"
"1.93.2","Testability","100"
"1.94.1","Understandabilty","100"
"1.94.1","Structuredness","80"
"1.94.1","Complexity","100"
"1.94.1","Maintainability","95.0"
"1.94.1","Testability","100"
"1.95.1","Understandabilty","100"
"1.95.1","Structuredness","100"
"1.95.1","Complexity","100"
"1.95.1","Maintainability","100.0"
"1.95.1","Testability","100"
"1.96.1","Understandabilty","100"
"1.96.1","Structuredness","100"
"1.96.1","Complexity","100"
"1.96.1","Maintainability","100.0"
"1.96.1","Testability","100"
"1.96.2","Understandabilty","100"
"1.96.2","Structuredness","100"
"1.96.2","Complexity","100"
"1.96.2","Maintainability","100.0"
"1.96.2","Testability","100"
"1.96.3","Understandabilty","100"
"1.96.3","Structuredness","100"
"1.96.3","Complexity","100"
"1.96.3","Maintainability","100.0"
"1.96.3","Testability","100"
"1.96.4","Understandabilty","100"
"1.96.4","Structuredness","100"
"1.96.4","Complexity","100"
"1.96.4","Maintainability","100.0"
"1.96.4","Testability","100"
"1.96.5","Understandabilty","100"
"1.96.5","Structuredness","100"
"1.96.5","Complexity","100"
"1.96.5","Maintainability","100.0"
"1.96.5","Testability","100"
"1.97.1","Understandabilty","100"
"1.97.1","Structuredness","100"
"1.97.1","Complexity","100"
"1.97.1","Maintainability","100.0"
"1.97.1","Testability","100"
"1.98.1","Understandabilty","100"
"1.98.1","Structuredness","100"
"1.98.1","Complexity","100"
"1.98.1","Maintainability","100.0"
"1.98.1","Testability","100"
"1.99.1","Understandabilty","100"
"1.99.1","Structuredness","100"
"1.99.1","Complexity","100"
"1.99.1","Maintainability","100.0"
"1.99.1","Testability","100"
"1.99.2","Understandabilty","100"
"1.99.2","Structuredness","100"
"1.99.2","Complexity","100"
"1.99.2","Maintainability","100.0"
"1.99.2","Testability","100"
"1.100.1","Understandabilty","100"
"1.100.1","Structuredness","100"
"1.100.1","Complexity","100"
"1.100.1","Maintainability","100.0"
"1.100.1","Testability","100"
